{
  "accuracy": 0.666,
  "precision": 0.7015087719298245,
  "recall": 0.666,
  "f1_score": 0.6416766022491538,
  "test_loss": 0.6245865970849991
}