{
  "accuracy": 0.608,
  "precision": 0.6287999999999999,
  "recall": 0.608,
  "f1_score": 0.5394494355032429,
  "test_loss": 0.6757280975580215
}