{
  "accuracy": 0.592,
  "precision": 0.6769333333333334,
  "recall": 0.592,
  "f1_score": 0.4749113497204721,
  "test_loss": 0.7107156068086624
}