{
  "accuracy": 0.9836131095123901,
  "precision": 0.9836505035529881,
  "recall": 0.9836131095123901,
  "f1_score": 0.9836127927630596,
  "test_loss": 0.23098400682210923
}