{
  "accuracy": 0.6,
  "precision": 0.6154440154440155,
  "recall": 0.6,
  "f1_score": 0.5263089851325146,
  "test_loss": 0.6584634780883789
}